Rua Pires da Mota,Aclimação,01529-000
Rua Joaquim Ferreira,Água Branca,05033-080
Rua Casa Forte,Água Fria,02336-040
Rua Eduardo Ferreira Franca,Água Funda,04157-000
Rua Vergel,Água Rasa,03179-040
Rua Luís Martins,Alto da Lapa,05060-050
Rua Taquarytinga,Alto da Mooca,03170-010
Avenida Professor Mário Mazagão,Alto da Riviera,04929-080
Avenida Diógenes Ribeiro de Lima,Alto de Pinheiros,05458-001
Rua Ferreira de Oliveira,Alto do Pari,03022-030
Rua Marfisa Costa Pinto,Altos de Vila Prudente,03978-735
Rua São Pedro do Sul,Americanópolis,04340-020
Via Anhangüera, km 23,4,Anhangüera,05276-950
Área Rural,Área Rural de São Paulo,05999-899
Rua Jorge de Almeida Quirino,Artur Alvim,03567-100
Rua Roberto Rossen,Associação Sobradinho,02361-120
Avenida Carlos Arcoverde,Balneário Dom Carlos,04956-000
Estrada do Alvarenga,Balneário Mar Paulista,04467-000
Rua dos Piavunas,Balneário São Francisco,04473-040
Acesso Uirapuru do Sertão,Balneário São José,04864-090
Estrada Da Baronesa,Baronesa,04919-000
Rua Brigadeiro Galvão,Barra Funda,01151-000
Rua Felício Tarabai,Barro Branco,02344-060
Rua Curupaiti,Bela Aliança,05087-010
Avenida Paulista,Bela Vista,01311-100
Rua Doutor João Ferraz,Belenzinho,03059-040
Rua Pau-Brasil,Boaçava,05471-030
Rua Anhaia,Bom Retiro,01130-000
Rua João da Costa Silva,Bortolândia,02352-020
Rua Samambaia,Bosque da Saúde,04136-110
Rua Nelson Cruz,Brás,03015-050
Rua Joaquim Ferreira da Rocha,Brasilândia,02845-000
Rua Rita Joana de Sousa,Brooklin Novo,04601-061
Rua Indiana,Brooklin Paulista,04562-000
Rua Barurua,Burgo Paulista,03682-050
Rua Lemos Monteiro,Butantã,05501-050
Rua Heitor Peixoto,Cambuci,01543-000
Rua José Homero Roxo,Campininha,04678-105
Rua Gabriele DAnnunzio,Campo Belo,04619-005
Alameda Eduardo Prado,Campos Elíseos,01218-010
Travessa Inezita Barroso,Cangaíba,03717-130
Rua Coronel Morais,Canindé,03029-000
Rua Quinze de Novembro,Cantinho do Céu,04849-527
Rua Carvalho dos Santos,Capão do Embira,03386-190
Estrada de Itapecerica,Capão Redondo,05858-001
Avenida Doutor Luís Arrobas Martins,Capela do Socorro,04781-000
Rua Maria Prestes Maia, 300,Carandiru,02047-901
Rua Desembargador Euclides da Silveira,Casa Verde,02511-010
Rua Antônio Vieira,Casa Verde Alta,02544-040
Avenida Otaviano Alves de Lima,Casa Verde Baixa,02501-000
Rua Galiléia,Casa Verde Média,02530-000
Rua Catumbi,Catumbi,03021-000
Rua Oscar Pinheiro Coelho,Caxingui,05516-050
Rua Álvaro de Carvalho,Centro,01050-070
Alameda Santos,Cerqueira César,01419-002
Rua Bandeirantes,Chácara Bandeirantes,04967-010
Rua Hemisfério,Chácara Belenzinho,03375-000
Rua Diomedes,Chácara Bosque do Sol,04888-130
Rua Manoel Bogonha,Chácara Califórnia,03406-090
Rua Autilio de Oliveira,Chácara Cocaia,04854-010
Rua Firmiano Cardoso,Chácara Cruzeiro do Sul,03732-040
Rua Francis Russel,Chácara da Enseada,04963-100
Rua Ipê,Chácara das Corujas,04848-440
Rua Grajaú do Conde,Chácara do Conde,04859-335
Rua Dona Benedita,Chácara do Sol,04857-720
Avenida Rio Massambu,Chácara Dona Olívia,08141-450
Rua Canaã,Chácara Flora,04643-000
Rua Francisco Giocondo,Chácara Flórida,04949-160
Travessa Bahia,Chácara Gaivotas,04849-347
Rua Juréia,Chácara Inglesa,04140-110
Rua Fernandes de Abreu,Chácara Itaim,04543-070
Rua Rio Sapucaia do Sul,Chácara Jaraguá,05240-020
Avenida Vereador Abel Ferreira,Chácara Mafalda,03372-015
Rua Guaratinga,Chácara Maria Trindade,05275-054
Rua Deputado Martinho Rodrigues,Chácara Monte Alegre,04646-020
Rua Manuel de Azevedo,Chácara Nani,04943-080
Praça Amaro Nunes,Chácara Nossa Senhora Aparecida,02963-110
Rua Nossa Senhora do Bom Conselho,Chácara Nossa Senhora do Bom Conselho,05763-470
Rua Castelândia,Chácara Pirajussara,05740-040
Rua dos Têxteis,Chácara Santa Etelvina,08490-600
Rua Feitiço da Vila,Chácara Santa Maria,05879-000
Rua Filipe de Santiago,Chácara Santana,05830-230
Rua Abrahão Reimberg,Chácara Santo Amaro,04875-145
Praça Conceição do Herval, 23,Chácara Santo Antônio,03410-971
Estrada da Servidão,Chácara Santo Hubertus,04870-470
Rua Antônio Nascentes,Chácara São João,02279-140
Rua Constantino Bruno Di Bartolomeo,Chácara São Silvestre,04888-050
Rua Coronel Pedro Dias de Campos,Chácara Seis de Outubro,03508-010
Rua Belém,Chácara Sonho Azul,04962-300
Rua Pimenta Bueno,Chácara Tatuapé,03060-000
Rua Uaranapu,Chácara Três Meninas,08090-275
Rua Jauari,Chora Menino,02462-050
Avenida Cupecê, 6062,Cidade Ademar,04366-901
Rua Juciri,Cidade Antônio Estevão de Carvalho,08220-100
Rua Carmel,Cidade Auxiliadora,05858-010
Rua Carmo da Mata,Cidade Centenário,03933-010
Rua São Pedro do Piauí,Cidade Continental,03243-000
Rua Fabrício Fontana,Cidade DAbril,05182-060
Rua dos Britos,Cidade de Deus,08081-665
Rua Engenheiro Artur Antunes Maciel,Cidade Domitila,04387-300
Rua Antônio Palhano Guimarães,Cidade dos Bandeirantes,05542-230
Rua Acuti,Cidade Dutra,04810-160
Avenida Taquandava,Cidade Ipava,04950-000
Avenida dos Tajurás,Cidade Jardim,05670-000
Rua Bela Cintra,Cidade Júlia,04421-230
Rua Desembargador Octávio Egydio Roggiero,Cidade Kemel,08130-010
Rua Fraiburgo,Cidade Líder,08280-500
Rua Santa Catarina,Cidade Luz,04877-200
Praça Sílvio Romero,Cidade Mãe do Céu,03323-000
Avenida Engenheiro Luiz Carlos Berrini, 1376,Cidade Monções,04571-936
Rua Guaracapá,Cidade Nitro Operária,08010-390
Avenida Nitro Química,Cidade Nitro Química,08090-030
Rua Issami Nakamura Okano,Cidade Nova América,04897-280
Rua Amora de Heliópolis,Cidade Nova Heliópolis,04235-170
Avenida Nordestina,Cidade Nova São Miguel,08042-000
Rua Alto Garças,Cidade Patriarca,03546-000
Rua Raposo da Fonseca,Cidade Popular,08460-520
Avenida Doutor Cândido Motta Filho,Cidade São Francisco,05351-000
Rua Filipe Marinetti,Cidade São Mateus,03965-020
Rua Ascenso Ferreira,Cidade São Miguel,08040-180
Rua Sírius,Cidade Satélite Santa Bárbara,08330-380
Rua Rei Davi,Cidade Tiradentes,08471-730
Rua Santo Estácio,Cidade Vargas,04319-010
Estrada do Curucutu,Cipó do Meio,04895-090
Avenida do Anastácio,City América,05119-000
Travessa Alcides Pereira dos Santos,Cohab Monet,05856-540
Estrada da Barragem,Colônia,04895-020
Rua Professor Hasegawa,Colônia (Zona Leste),08260-090
Rua Santo Antônio,Condomínio Jequirituba,04851-603
Rua Amaravati,Conjunto City Jaraguá,02998-200
Rua Cheiro Mineiro de Flor,Conjunto Habitacional A E Carvalho,08225-580
Rua Correnteza,Conjunto Habitacional Águia de Haia,08223-370
Rua Jonas Ranter,Conjunto Habitacional Barreira Grande,03907-040
Travessa Espelho das Águas,Conjunto Habitacional Barro Branco I,08474-231
Rua Alexandre Davidenko,Conjunto Habitacional Barro Branco II,08473-592
Travessa Leonardo Gandara,Conjunto Habitacional Brigadeiro Eduardo Gomes,02815-070
Rua Barrinha,Conjunto Habitacional Brigadeiro Faria Lima,04840-810
Rua Cavaleiro de Jorge,Conjunto Habitacional Castro Alves,08474-210
Rua Irani Bastos Malta,Conjunto Habitacional Fazenda do Carmo,08421-280
Rua Cachoeira Morena,Conjunto Habitacional Inácio Monteiro,08472-610
Travessa Ramalhete,Conjunto Habitacional Instituto Adventista,05868-610
Rua Azinhal,Conjunto Habitacional Jardim São Bento,05886-480
Rua Ismael de Jesus Silva,Conjunto Habitacional Jova Rural,02281-204
Rua Festa Chinesa,Conjunto Habitacional Juscelino Kubitschek,08465-140
Rua Soldado Teonilo de Souza,Conjunto Habitacional Marechal Mascarenhas de Morais,03977-170
Avenida Sylvio Torres,Conjunto Habitacional Padre José de Anchieta,03589-010
Rua Padre José Vieira de Matos,Conjunto Habitacional Padre Manoel da Nóbrega,03590-010
Rua César Diaz,Conjunto Habitacional Padre Manoel de Paiva,03591-000
Travessa Populônia,Conjunto Habitacional Pirajussara,05890-420
Rua Dona Eloá do Valle Quadros,Conjunto Habitacional Santa Etelvina II,08485-130
Rua Arroio Sarandi,Conjunto Habitacional Santa Etelvina III,08485-460
Rua Pequeno Romance,Conjunto Habitacional Sitio Conceição,08473-130
Rua Giovanni Nasco,Conjunto Habitacional Teotonio Vilela,03928-090
Rua Ida Gomes,Conjunto Habitacional Turística,05164-030
Travessa Leocádia Alba,Conjunto Habitacional Vila Nova Cachoeirinha,02567-110
Passagem Michel Raposo,Conjunto Promorar Estrada da Parada,02873-190
Travessa Cachoeira do Arrependido,Conjunto Promorar Raposo Tavares,05574-440
Rua Dom Benito Feijó,Conjunto Promorar Rio Claro,08395-090
Rua Basílio Villarino,Conjunto Promorar São Luis,05846-140
Rua Jerônimo Barbas,Conjunto Promorar Sapopemba,03927-050
Rua Tuiuti,Conjunto Promorar Vila Maria III,02168-105
Alameda das Amoreiras,Conjunto Residencial Alpes do Jaraguá,05187-636
Rua Pedro Pastrana,Conjunto Residencial Bandeirantes,05184-630
Rua Nicolau Pereira Lima,Conjunto Residencial Butantã,05539-000
Rua Egídio Felini,Conjunto Residencial Elisio Teixeira Leite,02815-040
Rua Doutor Sá Pires,Conjunto Residencial Ingai,04467-065
Rua Ilha do Francês,Conjunto Residencial Jardim Canaã,05268-170
Rua Antônio Bruni,Conjunto Residencial José Bonifácio,08253-070
Avenida Euclides da Cunha,Conjunto Residencial Morada do Sol,05281-000
Rua José Machado Ribeiro,Conjunto Residencial Novo Pacaembu,02722-170
Rua Serra de Guadalupe,Conjunto Residencial Paraíso,05267-235
Praça João Batista Santeiro,Conjunto Residencial Prestes Maia,08490-140
Rua Silves,Conjunto Residencial Salvador Tolezani,04805-020
Rua Emídio Carbonari,Conjunto Residencial Santa Terezinha,02419-030
Rua dos Pessegueiros,Conjunto Residencial Sitio Oratório,03978-340
Rua Ricardo Abed,Conjunto Residencial Vista Verde,05171-030
Rua Frei Caneca,Consolação,01307-001
Rua Joaquim Severino,Cupecê,04652-000
Rua Monte Santo de Minas,Cursino,04160-110
Estrada Água Santa,Eldorado,04476-490
Rua Manoel Pereira de Barros,Embura,04893-080
Rua Guaporema,Engenheiro Goulart,03727-020
Rua Nabor Teixeira da Silva,Engenheiro Marsilac,04891-430
Rua Sao Jorge,Ermelino Matarazzo,03823-165
Travessa Antônio Cruz Cordeiro,Estância Jaraguá,02997-040
Travessa Maestro Massaino,Estância Tangara,04933-170
Rua Eponina Viana Credidio,Fazenda Aricanduva,08275-650
Rua Augustin Luberti,Fazenda da Juta,03977-409
Rua Estrela Mil,Fazenda Itaim,08132-420
Rua Antônio Júlio dos Santos,Fazenda Morumbi,05661-020
Rua Caminho do Engenho,Ferreira,05524-000
Rua Serrana,Flor da Cantareira,02290-030
Rua da Bica,Freguesia do Ó,02925-000
Estrada de Furnas,Furnas,02324-140
Rua Rio Birigui,Gleba do Pêssego,08265-290
Rua Barbosa Lopes,Granja Julieta,04720-000
Rua Arnold Bennett,Granja Nossa Senhora Aparecida,04860-130
Rua Sebastião Olício Gregório,Guacuri,04475-270
Rua Bartolomeu Cândia,Guaianazes,08441-290
Rua Cirino de Abreu,Guaiaúna,03630-010
Rua Hungria,Guarapiranga,04912-065
Rua Alagoas,Higienópolis,01242-000
Travessa José Pedro Gomes,Horto Florestal,02378-210
Avenida República do Líbano,Ibirapuera,04502-001
Rua Carolina Roque,Imirim,02472-030
Avenida Iraí,Indianópolis,04082-001
Rua Manoel Gonçalves Mão Cheia,Instituto de Previdência,05531-030
Praça Enzo Ferrari,Interlagos,04786-071
Rua Agostinho Gomes,Ipiranga,04206-001
Rua Parapuã,Itaberaba,02831-000
Rua Iaiá,Itaim Bibi,04542-060
Rua Mar Eterno,Itaim Paulista,08141-005
Rua Angeja,Itaquera,08215-620
Rua dos Buritis, 54,Jabaquara,04321-900
Avenida Jaçanã,Jaçanã,02273-000
Praça William Colgate,Jaguaré,05345-050
Rua Nova Jaraguá,Jaraguá,05180-150
Rua Leoberto Leal,Jardim Adelaide,08220-350
Rua Ernesto Bottoni,Jardim Adelfiore,05223-000
Rua Anaurilândia,Jardim Adélia,02760-030
Rodovia Raposo Tavares,Jardim Adhemar de Barros,05577-000
Avenida Sapopemba,Jardim Adutora,03988-010
Rua Ipiranga,Jardim Aeroporto,04633-000
Praça Edgar Alves Marinho,Jardim Aimoré,08110-390
Rua Romão Boeta,Jardim Aladim,04883-230
Rua Padre Rodrigues Fernandes,Jardim Alfredo,04909-090
Rua Eduardo Rosales,Jardim Almanara,02863-160
Rua Anderson,Jardim Almeida,04866-230
Rua Breno Bersa,Jardim Almeida Prado,04854-230
Rua Ramaiana,Jardim Alpino,04836-270
Rua Osmar Lúcio de Alencar,Jardim Alto Alegre,08381-740
Rua Alagoas,Jardim Alto Paulistano,08347-635
Rua Alfredo Shammas,Jardim Alto Pedroso,08011-600
Rua Sol da Liberdade,Jardim Alvina,02991-220
Rua Domingos Rodrigues Leal,Jardim Alvorada,05528-060
Rua Frei Francisco de Sampaio,Jardim Alzira,04655-050
Rua Cantigas de Saudade,Jardim Amália,05890-050
Rua Bento de Barros,Jardim Amaralina,05570-200
Rua Itapirapuã,Jardim América,01440-040
Rua Kampala,Jardim América da Penha,03704-015
Rua Marie Nader Calfat,Jardim Ampliação,05713-520
Rua Luís de Magalhães,Jardim Ana Maria,05757-220
Rua Professor Bourhan Helou,Jardim Ana Rosa,03287-030
Rua Luiz dos Santos Cabral,Jardim Anália Franco,03337-060
Rua Manguari,Jardim Andaraí,02167-080
Rua Salvador de Mesquita,Jardim Ângela,03985-010
Rua Rubem Souto de Araújo,Jardim Angelina,04835-135
Rua Osvaldo de Souza Pinto,Jardim Anhangüera,05267-220
Rua Ginaldo Willis Galdino,Jardim Antártica,02652-190
Rua Flor de Lotus,Jardim Apuana,02325-660
Rua Salvador Dali,Jardim Apurá,04470-185
Rua Inácio Couto,Jardim Aracati,04949-030
Rua da Amoreira-Preta,Jardim Arantes,08382-530
Avenida Rio das Pedras,Jardim Aricanduva,03452-000
Travessa Dominó,Jardim Aristocrata,04846-130
Rua Fortuna de Minas,Jardim Arize,03573-000
Rodovia Raposo Tavares,Jardim Arpoador,05577-300
Rua Rio Mearim,Jardim Artur Alvim,03687-050
Rua Flor de Sapucaia,Jardim Ataliba Leonel,02324-230
Rua dos Jesuítas,Jardim Augusta,08452-300
Rua Heliodoro de Paiva,Jardim Augusto,08371-100
Travessa Izelina Ribeiro Ponciano,Jardim Aurélio,05857-425
Rua Professora Dina Rizzi,Jardim Aurora,08431-050
Rua Cabo José Clemeneano de Carvalho,Jardim Avelino,03226-000
Rua Paulo Bastos Cruz,Jardim Avenida,05798-280
Rua Celso Betim,Jardim Bandeirante,08372-020
Rua Davide Perez,Jardim Bandeirantes,04470-260
Rua Três Ilhas,Jardim Bartira,08160-010
Rua Antônio Gagliazzo,Jardim Batalha,05546-090
Rua Praia Catimbaú,Jardim Beatriz,08245-330
Rua Santo Antônio do Cântaro,Jardim Bela Vista,04829-090
Avenida dos Remédios,Jardim Belaura,05107-000
Rua Frederick Delius,Jardim Belcito,04855-240
Rua Abel Tavares,Jardim Belém,03810-110
Avenida Nossa Senhora do Sabará,Jardim Bélgica,04686-000
Rua Sagrada Família,Jardim Benfica,08140-520
Rua Professor Antônio Austregésilo,Jardim Boa Esperança,05867-000
Rua Gabriel de Carvalho,Jardim Boa Vista,05583-080
Avenida Comendador Alberto Bonfiglioli, 737,Jardim Bonfiglioli,05593-970
Rua Mario Luz,Jardim Borba Gato,04872-047
Rua Isabel de Góis,Jardim Botucatu,04173-150
Rua Crisciúma,Jardim Brasil,02225-000
Rua Paraná,Jardim Brasil Novo,02367-110
Rua Hissopo,Jardim Brasília,03585-070
Rua Pêra-DÁgua,Jardim Britânia,05269-130
Rua Retiro Grande,Jardim Buriti,08381-000
Rua Doutor Luiz Migliano,Jardim Caboré,05711-001
Rua Alípio da Silva Lavoura,Jardim Cabuçu,02238-150
Rua Guarabira,Jardim Cachoeira,02762-060
Rua Bonifácio Gomes de Siqueira,Jardim Caguassu,03906-050
Travessa da Tauba,Jardim Camargo Novo,08143-060
Rodovia Raposo Tavares, 7201,Jardim Cambara,05577-901
Rua Constelação do Dourado,Jardim Campinas,04858-030
Rua Professora Haidêe Silva Martins,Jardim Campo Grande,04693-030
Rua Santo André Corsini,Jardim Campo Limpo,02362-060
Rua Ilha dos Marinheiros,Jardim Campos,08151-730
Rua Turquesa,Jardim Capão Redondo,05882-140
Rua Conde de Silva Monteiro,Jardim Capela,04960-060
Rua Canuto Luiz do Nascimento,Jardim Capelinha,05850-140
Rua Luiz Seráphico Júnior,Jardim Caravelas,04729-080
Rua Marques,Jardim Carlu,02423-030
Rua Jubaí,Jardim Carolina,08151-430
Avenida Deputado Cantídio Sampaio,Jardim Carombé,02855-075
Avenida Professor Hermógenes de Freitas Leitão Filho,Jardim Casa Grande,04865-000
Rua Erva de Ovelha,Jardim Casa Pintada,08040-690
Avenida Fim de Semana,Jardim Casablanca,05846-270
Rua Basílio Basily,Jardim Castelo,03728-200
Rua Dirce de Oliveira Santana,Jardim Castro Alves,04842-200
Rua João de Siqueira Ferrão,Jardim Catanduva,05767-420
Rua Américo Alves,Jardim Catarina,03910-080
Rua Lagoinha de Leste,Jardim Cecy,02872-060
Rua Adriano Racine,Jardim Celeste,04195-010
Rua dos Camorins,Jardim Célia,04475-180
Rua Professor José Soares de Mello,Jardim Centenário,02882-100
Rua Francesco Navarrini,Jardim Cibele,08260-170
Rua Tungue,Jardim Cidade Pirituba,02945-110
Rua João Gomes Batista,Jardim Cidália,04652-160
Travessa Alberto Mendoza,Jardim Clara Regina,03988-015
Avenida Wilhelm Friedrich Ladwig,Jardim Clarice,05866-170
Rua Ester Samara,Jardim Cláudia,05546-005
Rua Embaixador Fernando Lobo,Jardim Clímax,04177-470
Rua Luís Pires,Jardim Cliper,04826-480
Rua Pitágoras,Jardim Coimbra,03693-010
Rua Principal,Jardim Colibri,04855-600
Avenida Frei Macário de São João,Jardim Colombo,05629-080
Avenida Aricanduva,Jardim Colonial,03951-220
Travessa Maria da Conceição Maia,Jardim Colorado,03386-010
Rua Majer Kucinski,Jardim Comercial,05885-340
Rua Aleixo Leme dos Reis,Jardim Consórcio,04436-100
Rua Jaraguari,Jardim Copacabana,04939-050
Avenida Professor Rubens Gomes de Souza,Jardim Cordeiro,04640-230
Rua Kotinda,Jardim Corisco,02365-010
Rua Adolfo de Menezes,Jardim Cotiana,03259-000
Rua Santana de Patos,Jardim Cotinha,03883-010
Rua Criseida,Jardim Cris,05834-040
Rua Humberto Miranda,Jardim Cristália,05843-250
Rua Odilon Dantas Cortez,Jardim Cristina,02324-050
Rua Vito Bovino,Jardim da Campina,04677-001
Travessa Viola Enluarada,Jardim da Conquista,08345-660
Travessa Samba de Gesse,Jardim da Conquista (Zona Leste),08343-410
Rua Doutor Dolzani,Jardim da Glória,01546-000
Rua Ribeiro Baião,Jardim da Laranjeira,08381-110
Rua Arraial do Tijuco,Jardim da Laranjeira (Zona Leste),08381-080
Rua Marechal Tasso Tinoco,Jardim da Pedreira,04468-050
Rua André Mendes,Jardim da Saúde,04149-110
Rua Joaquim Lapas Veiga,Jardim DAbril,05398-011
Rua Dardo Rocha,Jardim Damasceno,02879-160
Rua José da Penha,Jardim Danfer,03729-150
Rua Getúlio Soares da Rocha,Jardim das Acácias,04704-050
Travessa Alonso,Jardim das Bandeiras,05436-065
Rua Faveleiro,Jardim das Camélias,08050-520
Rua Biágio Marini,Jardim das Carmelitas,08275-620
Rua Pedro Soares,Jardim das Esmeraldas,05549-310
Rua José Serra,Jardim das Flores,04904-220
Rua Doutor Freire Cisneiro, 97,Jardim das Graças,02714-900
Rua Condecoração,Jardim das Imbuias,04829-440
Rua Samaritá,Jardim das Laranjeiras,02518-080
Rua Moisés Alves dos Santos,Jardim das Oliveiras,08111-510
Rua Sílvio Delmar Hollenbach,Jardim das Palmas,05749-340
Rua Henrique Reichmann,Jardim das Palmeiras,05883-080
Rua Clóvis Salgado,Jardim das Pedras,02367-000
Rua José Fialho Vianna,Jardim das Praias,04826-180
Rua Acácio Antunes,Jardim das Rosas,03909-010
Rua Eugene Carriere,Jardim das Vertentes,05541-100
Rua Boi Piguá,Jardim Daysy,02358-010
Rua Desembargador Oliveira Cruz,Jardim de Lorenzo,03715-050
Rua Nossa Senhora Aparecida,Jardim Denise,02378-250
Estrada do MBoi Mirim,Jardim Dionisio,04935-053
Rua Pedro Ferraz Lopes,Jardim do Campo,08440-220
Rua Antônio Alzelino Guerra,Jardim do Colégio,05883-260
Travessa Jacobo Ficher,Jardim do Divino,08460-625
Rua Santa Amélia,Jardim do Lago,05550-095
Rua Rui de Morais Apocalipse,Jardim do Tiro,02842-260
Avenida das Nações Unidas,Jardim Dom Bosco,04757-025
Rua Luís de Oliveira,Jardim Dom José,05886-120
Rua Antônio Benedito Palhares,Jardim Domitila,04466-120
Rua José de Oliveira China,Jardim Dona Sinhá,03924-100
Rua Luiz Sebastião Moreira,Jardim dos Álamos,04883-160
Avenida Arestóteles Costa Pinto,Jardim dos Bichinhos,04821-450
Rua Visconde de Porto Seguro,Jardim dos Estados,04642-000
Rua Pedro Macaroff Filho,Jardim dos Eucaliptos,04893-495
Rua Pedro Cavatoni,Jardim dos Francos,02874-100
Rua Flor Boreal,Jardim dos Ipês,08161-030
Rua Mar Del Plata,Jardim dos Lagos,04771-090
Avenida Vale das Canas,Jardim dos Manacás,04844-060
Rua José Souza Campos Sampaio,Jardim dos Prados,04679-110
Rua Capivari-Mirim,Jardim Dracena,05528-290
Rua Delias de Souza Reis,Jardim Duprat,05850-160
Avenida Prefeito Paulo Lauro,Jardim Edda,04844-000
Rua Nova Irlanda,Jardim Edith,04813-340
Rua Estado do Piauí,Jardim Egle,03936-040
Rua Francisco de Paiva,Jardim Elba,03979-050
Rua Benedito Domingues,Jardim Eledy,05856-010
Rua Pedro Escobar,Jardim Eliana,04851-210
Rua Xingutânea,Jardim Eliane,03577-000
Avenida Deputado Cantídio Sampaio,Jardim Elisa Maria,02875-074
Rua Henry Charles Potel,Jardim Elisio,02862-000
Rua David Assunção Lopes,Jardim Elizabeth,08320-647
Rua Manuel Vieira Dantas,Jardim Elza,08121-350
Rua Diogo Rodrigues Marques,Jardim Ernestina,04677-042
Avenida Engenheiro Heitor Antônio Eiras Garcia,Jardim Esmeralda,05564-100
Rua João Millam,Jardim Ester,05373-080
Rua Celso Lagar,Jardim Ester Yolanda,05374-040
Alameda dos Cardeais,Jardim Estrela Dalva,02364-750
Rua Bernardo Barbosa,Jardim Etelvina,08430-460
Rua Angelina Maffei Vita,Jardim Europa,01455-070
Rua Tucuruí,Jardim Eva,08143-090
Rua Jabebira,Jardim Everest,05602-020
Rua Inácio de Oliveira Campos,Jardim Fanganiello,08450-450
Rua Onésio Garcia,Jardim Faria Lima,05760-160
Rua José Correia Lima,Jardim Felicidade,05143-320
Rua dos Pinheiros,Jardim Felicidade (Zona Norte),02326-005
Rua Cânhamo do Canadá,Jardim Fernandes,03580-010
Rua Pedro da Costa Faleiro,Jardim Figueira Grande,04915-020
Travessa Igarapé Progresso,Jardim Filhos da Terra,02325-070
Travessa Santa Rosa,Jardim Fim de Semana,05846-275
Rua Margarida,Jardim Flor de Maio,02363-060
Avenida Carlos Oberhuber,Jardim Floresta,04836-130
Rua Giovanni Contino,Jardim Fontalis,02360-170
Rua Ambrizette,Jardim Fonte do Morumbi,05704-020
Praça Maciel Baião,Jardim Franca,02339-080
Avenida Coronel Sezefredo Fagundes,Jardim Francisco Mendes,02366-001
Travessa Elisa Storti,Jardim Francisco Mentem,02323-130
Rua Cirilo Machado,Jardim Fraternidade,05870-100
Rua Bonifácio Pasquali,Jardim Fujihara,04929-400
Rua Doutor Bueno de Azevedo,Jardim Germânia,05849-270
Rua Daniel Norcombe,Jardim Gianetti,08430-220
Rua Planalto de Araxá,Jardim Gonzaga,03756-020
Rua Paulo Massaroto,Jardim Grimaldi,03922-090
Rua das Bijupiras,Jardim Guacuri,04475-080
Rua José Francisco Moreira,Jardim Guaianazes,08431-290
Avenida do Oratório,Jardim Guairaca,03221-200
Rua Menina Dengosa,Jardim Guanabara,04860-280
Rua Balthazar Fidelis,Jardim Guanca,02151-080
Rua João Carlos Haas Sobrinho,Jardim Guanhembu,04814-440
Rua Mário Lago,Jardim Guapira,02281-265
Rua João Domingos Vieira,Jardim Guarani,02849-030
Travessa Campo do Guará,Jardim Guarapiranga,04770-160
Rua Manuel Henriques,Jardim Guarau,05544-100
Avenida Guarujá,Jardim Guarujá,05877-230
Rua Caixanas,Jardim Guedala,05612-030
Rua Lázaro Rodrigues dos Santos,Jardim Gustavo,04930-080
Rua São Gerônimo,Jardim Hebrom,02329-160
Rua Cruzeiro da Fortaleza,Jardim Helena,08090-430
Rua Luís Gonzaga Freire,Jardim Helga,05794-330
Rua Edmundo Abreu,Jardim Helian,08265-110
Praça Três Torres,Jardim Heliomar,04726-210
Rua Pedro Ruimonte,Jardim Heloisa,05781-300
Rua José Pinto de Melo,Jardim Hercilia,03557-100
Rua Anésio Soares Públio,Jardim Herculano,04920-080
Rua Nova Conquista,Jardim Herplin,04866-055
Rua Rosa Simoncello Capelli,Jardim Hípico,04725-050
Viela São Paulo,Jardim Horizonte Azul,04963-340
Rua Galileo Emendabili,Jardim Humaitá,05307-170
Avenida Felipe Carrillo Puerto,Jardim Iae,05890-000
Rua Salgueiro do Campo,Jardim Ibirapuera,05814-210
Avenida Doutor Francisco Mesquita,Jardim Ibitirama,03153-000
Rua Giovanni Gabrieli,Jardim Icaraí,04844-200
Rua dos Picharros,Jardim Ideal,04846-665
Rua Arnaldo Aguiar Barbosa,Jardim Iguatemi,08380-250
Rua Manoel de Abreu Soares,Jardim Imbé,05863-190
Avenida Piranguçu,Jardim Imperador,03937-015
Rua Avelino Lopes,Jardim Imperial,05397-230
Rua Ilha da Cotinga,Jardim Indaiá,08141-150
Rua Gama Barros,Jardim Independência,03224-070
Rua Castelar de Carvalho,Jardim Ingá,05736-090
Avenida Alexios Jafet,Jardim Ipanema,05187-010
Rua Armando Mas Leite,Jardim Ipê,05797-230
Rua Forte de Trindade,Jardim Iporã,04865-160
Rua Nicolas Alfaro,Jardim Iporanga,04828-190
Rua Tarsília Monteiro,Jardim Iracema,05847-455
Rua Miraíma,Jardim Irapiranga,05891-290
Rua Manuel Soares Madureira,Jardim Irene,08431-790
Avenida Aparecida do Rio Negro,Jardim Íris,05144-085
Avenida Durval Pinto Ferreira,Jardim Itacolomi,04386-030
Rua das Linfas,Jardim Itajai,04855-200
Rua Marajá-Açu,Jardim Itapema,03578-090
Avenida Campanella,Jardim Itapemirim,08220-685
Rua General Antônio Tavares da Motta,Jardim Itapeva,04674-070
Avenida do Tanque,Jardim Itápolis,03942-000
Rua Maria Rosa de Jesus,Jardim Itapura,04466-020
Rua Paulo Sérgio Milliet,Jardim Iva,03921-040
Rua Antônio Wey,Jardim Ivana,05364-110
Rua Batista de Melo,Jardim Jabaquara,04383-080
Rua Brás Belmonte Fernandes,Jardim Jaçanã,02318-040
Rua Professor Indalécio de Melo,Jardim Jamaica,05743-230
Rua Arisugawa,Jardim Japão,02132-020
Rua Carlantônio Carlone,Jardim Jaqueline,05529-000
Rua Cachoeira de Pirapora,Jardim Jaraguá,05275-010
Rua Alberto Colombero,Jardim Jaú,03702-050
Travessa Márcia Maria José Lima,Jardim Joamar,02318-153
Rua da Graça,Jardim Joana DArc,02323-460
Rua Cônego Luís Vieira da Silva,Jardim João XXIII,05569-110
Rua das Harpas,Jardim Julieta,02161-060
Estrada do Jaguaré,Jardim Jussara,05525-080
Rua das Seqüências,Jardim Kagohara,04938-120
Rua Airton Senna,Jardim Keralux,03828-120
Rua Pedra Maria das Dores,Jardim Kika,04820-075
Rua Nuno Fernandes Torneol,Jardim Kioto,04832-110
Rua Ilha Anchieta,Jardim Labitary,02367-240
Rua Inácio de Barros Accioly,Jardim Lajeado,08041-720
Rua Séttimo Giannini,Jardim Lallo,04812-250
Avenida Doutor Otávio Ramos,Jardim Laone,03884-000
Rua Nordestina,Jardim Lapena,08071-205
Rua da Torre,Jardim Laura,08141-254
Rua Nazaré Menezes,Jardim Leme,05790-380
Rua Macedônio Fernandez,Jardim Leni,05818-340
Rua Crestins,Jardim Leônidas Moreira,05792-060
Avenida Albert Einstein,Jardim Leonor,05652-000
Rua Doutor Saturnino Villalva,Jardim Leonor Mendes de Barros,02346-100
Rua Olímpio Pereira,Jardim Letícia,05820-210
Rua Maestro João de Souza Lima,Jardim Líbano,05138-520
Rua Caxambu do Sul,Jardim Lider,02983-050
Rua Roque Polidoro,Jardim Liderança,08240-075
Rua José Nunes,Jardim Lídia,05862-210
Rua José de Brito,Jardim Lilah,05885-310
Rua Miguel Fernandes,Jardim Limoeiro,08382-684
Rua Raimundo Nogueira,Jardim Lisboa,03675-030
Avenida Doutor Guilherme Dumont Vilares,Jardim Londrina,05640-001
Rua Pedro Sabino de Brito,Jardim Los Angeles,04648-287
Travessa Particular Um,Jardim Lourdes,08452-423
Rua Antônio Amirabile,Jardim Luanda,04678-060
Rua Luís Borno,Jardim Lucélia,04852-211
Rua Icacória,Jardim Lucinda,08041-175
Rua Conrado Mazzeo,Jardim Luísa,05544-150
Avenida Francesco Maria Melani,Jardim Luso,04421-180
Rua do Ceuta,Jardim Luzitânia,04031-010
Rua Andrew Jackson Davies,Jardim Mabel,08121-622
Rua Joaquim Mendes de Aguiar,Jardim Macedônia,05894-320
Rua Josué Carmino Bruno,Jardim Machado,03909-080
Rua Odilon Azevedo,Jardim Maggi,02982-150
Rua Canarana do Amazonas,Jardim Maia,08180-210
Rua Professor Roldão de Barros,Jardim Mália I,04823-010
Avenida Presidente João Goulart,Jardim Mália II,04821-000
Rua Manoel Martins da Rocha,Jardim Mangalot,05134-000
Rua Ilha de Santa Ana,Jardim Marabá,08270-350
Avenida Atos Tomás Ferracciú,Jardim Maracá,05861-020
Rua Mucugê,Jardim Maracanã,02839-060
Rua Ministro Coriolano de Gois,Jardim Marajoara,04664-100
Rua Felisberto Caldeira,Jardim Margarida,08191-030
Rua Antônio Cardoso Pereira,Jardim Maria Augusta,05546-140
Estrada dos Mirandas,Jardim Maria Duarte,05752-001
Rua Florestópolis,Jardim Maria Estela,04180-050
Rua Carlo de Falco,Jardim Maria Lídia,08370-440
Rua Padre Alarico Zacarias,Jardim Maria Luiza,05371-020
Rua Francisco Guimarães Pereira Júnior,Jardim Maria Nazaré,02354-260
Rua Gaspar José Raposo,Jardim Maria Rita,04814-100
Rua Marechal João Carlos Barreto,Jardim Maria Sampaio,05790-370
Rua Henrique Coube,Jardim Maria Virginia,05761-250
Rua Robert Campin,Jardim Mariane,05866-130
Rua Rio da Aldeia,Jardim Marilda,04857-270
Rua Francesco Melzi, 116,Jardim Marília,03579-970
Rua Correa Morales,Jardim Marilu,02989-030
Rua Dias Penteado,Jardim Maringá,03524-020
Rua Campo Frio,Jardim Marisa,05108-090
Rua Maria Salina Romeu,Jardim Maristela,05159-010
Rua Andreas Raselius,Jardim Marpu,08411-462
Rua Kasuo Ogura,Jardim Marquesa,04921-080
Rua Leon Carvalho,Jardim Martini,04439-030
Rua Antônio Quintiliano,Jardim Martins Silva,02323-070
Rua Cuieté Velho,Jardim Matarazzo,03811-040
Rua Dorival Antão,Jardim Mazza,05832-260
Travessa Figuração Musical,Jardim Meliunas,08111-460
Rua Manuel Jesus Galvan,Jardim Melo,04423-010
Rua Fioravante Zampol,Jardim Mimar,03986-240
Rua Folha Dourada,Jardim Miragaia,08161-060
Rua Luiz Grassmann,Jardim Mirante,05801-050
Rua João Gaspar Simões,Jardim Miriam,04416-370
Rua Koto Mitsutani,Jardim Mitsutani,05791-001
Avenida Sanatório,Jardim Modelo,02238-000
Rua Estevão Jordan,Jardim Mônica,05861-300
Passagem Quinhão,Jardim Monjolo,02961-080
Rua Bazílio da Silva,Jardim Monte Alegre,05545-010
Avenida Tomás de Sousa,Jardim Monte Azul,05836-350
Rua Água Fria de Goiás,Jardim Monte Belo,05272-040
Rua Osiris Magalhães de Almeida,Jardim Monte Kemel,05634-020
Rua Seis,Jardim Monte Verde,04851-508
Alameda das Begônias,Jardim Morada do Sol,08382-702
Estrada do Schmidt,Jardim Morais Prado,04855-515
Rua Antônio Ferrari,Jardim Moreno,08430-720
Rua José de Noronha,Jardim Morro Verde,05741-220
Rua Breno Pinheiro,Jardim Morumbi,05661-000
Rua Belo Jardim,Jardim Mutinga,05159-200
Rua Professor Licínio Carpinelli,Jardim Myrna,04856-100
Rua Bonfim da Barra,Jardim Nair,08071-270
Rua João Ribeiro Peixoto,Jardim Nakamura,04942-050
Rua Manuel Soares de Medeiros,Jardim Nazareth,08151-161
Rua Particular Nélia,Jardim Nélia,08142-850
Rua José Martiniano de Alencar,Jardim Nice,03905-020
Rua Sargento Otávio Mattos Barreiros,Jardim Nizia,04823-360
Praça Coronel Albuquerque da Câmara,Jardim Noemia,08180-440
Rua Piraquara,Jardim Nordeste,03688-000
Avenida Pires do Rio,Jardim Norma,08240-005
Avenida Carlos Barbosa Santos,Jardim Noronha,04853-015
Rua Turvolândia,Jardim Nossa Senhora Aparecida,03939-060
Rua Moreira Terra,Jardim Nossa Senhora do Carmo,08275-230
Rua Horácio Alves da Costa,Jardim Nosso Lar,04401-000
Rua Conte Lopes,Jardim Nova Conquista,08346-540
Rua da Benção,Jardim Nova Esperança,04857-208
Rua Félix Fagundes,Jardim Nova Germania,05849-300
Rua Airton Sena,Jardim Nova Harmonia,08342-000
Rua Gabriel Garcia Márquez,Jardim Nova São Paulo,08391-710
Rua São Florêncio,Jardim Nova Tereza,03823-200
Rua Valkíria,Jardim Nova Vitória I,08373-190
Rua Valdelice,Jardim Nova Vitória II,08373-700
Rua Adão Lorenzini,Jardim Nove de Julho,03948-010
Rua Tancredo Neves,Jardim Novo Carrão,03908-045
Rua Barbora,Jardim Novo Horizonte,04856-270
Rua Principal,Jardim Novo Jaú,04852-506
Rua das Crianças,Jardim Novo Lar,04847-210
Rua Maria Noschese,Jardim Novo Mundo,04518-021
Rua Tenente Elias,Jardim Novo Pantanal,04472-100
Rua Anália Irma de Oliveira,Jardim Novo Parelheiros,04890-500
Rua Capitanias Hereditárias,Jardim Novo Santo Amaro,05820-120
Rua Joaquim Roseira,Jardim Novo Taboão,05749-290
Rua Alessandro Algardi,Jardim Olinda,05765-140
Via de Pedestre José Manuel da Cruz,Jardim Olympia,05542-070
Rua Félix Batista,Jardim Ondina,02871-200
Rua José Feres,Jardim Orbam,04836-600
Rua dos Buritis,Jardim Oriental,04321-002
Rua Samuel Arnold,Jardim Orly,04434-000
Rua Potiguara,Jardim Paineiras,05276-545
Travessa Amélia Diniz Antas,Jardim Palmares,02328-005
Rua Armando Petrella,Jardim Panorama,05679-010
Rua Reinacer,Jardim Pantanal,08180-670
Rua Santista,Jardim Papai Noel,04884-380
Travessa da Paz,Jardim Paquetá,02952-153
Rua Barão de Almeida Belém,Jardim Paraguaçu,03938-173
Rua Doutor Orlando Zamitti Mammana,Jardim Paraíso,02417-022
Rua Daniel Cerri,Jardim Paraná,02876-170
Rua Januário Zingaro,Jardim Paris,05794-300
Rua José Carlos de Toledo Piza,Jardim Parque Morumbi,05712-070
Rua Apolônia Manelli,Jardim Patente,04243-080
Rua Marino Navarro,Jardim Patente Novo,04256-240
Alameda Joaquim Eugênio de Lima,Jardim Paulista,01403-002
Avenida Brigadeiro Faria Lima, 2232,Jardim Paulistano,01489-900
Rua Niels Christian Soerensen,Jardim Paulo Afonso,04881-000
Rua Doutor Oscar Tollens,Jardim Paulo VI,05570-020
Rua Garça Morena,Jardim Pedra Branca,08490-700
Rua Airi-Mirim,Jardim Pedro José Nunes,08061-170
Rua Santa Silveira,Jardim Penha,03757-000
Rua Sampaio Corrêa,Jardim Pereira Leite,02710-080
Viela Um,Jardim Peri,02675-031
Avenida Ministro Laudo Ferreira de Camargo,Jardim Peri Peri,05537-000
Rua Eugênio Gomes,Jardim Pérola I,08474-350
Rua Jasmim,Jardim Pérola II,08474-423
Rua Praia de Amaralina,Jardim Pérola III,08474-520
Praça Engenheiro Dácio Morais Júnior,Jardim Petrópolis,04640-010
Rua Araçari-Castanho,Jardim Pinheirinho,05215-106
Rua João Batista Pereira,Jardim Pinheiros,05596-090
Rua André Santo,Jardim Piqueroby,03463-055
Rua Domenico Baleti,Jardim Piracuama,05763-300
Rua Mutu-Poranga,Jardim Piratininga,03716-140
Rua Sanclerlândia,Jardim Pirituba,02985-040
Rua Pico do Marumbi,Jardim Planalto,03984-110
Rua Salete,Jardim Poleti,02286-001
Rua Honório Emiliano Bueno,Jardim Ponte Rasa,03884-100
Rua Daniel Amaral Abreu,Jardim Popular,03671-070
Rua Esperança,Jardim Portal I e II,02327-040
Rua João José de Oliveira,Jardim Porteira Grande,03917-090
Rua das Palmeiras,Jardim Prainha,04851-708
Rua José Aparecido Pinheiro,Jardim Premiano,08371-720
Rua Monte Arroio,Jardim Presidente,04830-210
Rua Nossa Senhora da Saúde,Jardim Previdência,04159-000
Rua Sarita,Jardim Primavera,02755-040
Rua Projetada Um,Jardim Princesa,02856-130
Rua José Firmino Tiacci,Jardim Progresso,04848-150
Rua Engenheiro Francisco Pitta Brito, 138,Jardim Promissão,04753-900
Rua Aracuípe,Jardim Prudência,04649-020
Rua João Correia de Magalhães,Jardim Quisisana,08150-582
Rua Franca,Jardim Raposo Tavares,05563-020
Rua Monte Caburaí,Jardim Real,04831-040
Rua José Bauman,Jardim Redil,08215-255
Rua Miguel Calovini,Jardim Regina,05175-020
Rua Duzolina Gracioli Eleno,Jardim Regis,04811-140
Rua Boaventura Ferreira,Jardim Reimberg,04845-160
Rua Remo Sarti,Jardim Remo,05864-180
Praça Tapurema,Jardim Represa,04826-160
Rua Antônio Álvares da Silva,Jardim República,04812-040
Rua Forte de Santos,Jardim Ricardo,08340-040
Rua Doutor Carmelo DAgostino,Jardim Rincão,02991-040
Rua Maria Scarabelli,Jardim Rio Douro,04945-250
Rua João Roman Wirkus,Jardim Rio Pequeno,05388-100
Rua Silvilino Mantovanini,Jardim Riviera,04925-040
Rua João de Souza,Jardim Rizzo,05587-210
Rua Particular C,Jardim Robru,08150-156
Travessa Cachoeira Benfica,Jardim Rodolfo Pirani,08311-380
Rua Francisco Cubas Ferreira,Jardim Romano,08191-190
Rua Octávio Modolin,Jardim Rosa Maria,05547-040
Rua Doutor Frederico de Azevedo Antunes,Jardim Rosana,05795-180
Rua André Pernet,Jardim Roschel,04890-020
Rua Luiza de Jesus Ferreira,Jardim Roseli,08380-048
Rua Salvador da Silva,Jardim Rosina,08151-150
Rua Anamosa,Jardim Rosinha,05274-001
Avenida Aldo João Rinaldi,Jardim Rubilene,04475-440
Rua Dezesseis de Dezembro,Jardim Rubio,05547-130
Rua César de Castro,Jardim Russo,05205-090
Rua Cupira,Jardim Ruth,08040-680
Rua Cirila Rosa de Jesus,Jardim S Kemel,02537-110
Rua Tabaré,Jardim Sabará,04446-000
Rua Boraquira,Jardim Sabiá,04857-340
Rua Ignácio Manuel Altamirano,Jardim Sabiá II,04856-555
Rua Urias Antônio de Souza,Jardim Sandra,05860-120
Rua Marco Rutini,Jardim Sandra Maria,02322-100
Rua Guilherme Sandeville,Jardim Santa Adélia,03970-020
Avenida Joaquim Napoleão Machado,Jardim Santa Bárbara,04848-000
Rua Santo Antônio do Pirapetinga,Jardim Santa Cruz,02672-080
Rua Sinval de Souza Lacerda,Jardim Santa Cruz (Campo Grande),04456-142
Rua Pertigalete,Jardim Santa Edwiges,04913-050
Rua Lira Cearense,Jardim Santa Efigênia,05763-450
Rua Giuseppe Crespi,Jardim Santa Emília,04183-080
Rua Dante Alderigo,Jardim Santa Etelvina,08470-795
Rua Alberto Gentili,Jardim Santa Fé,05271-130
Rua Eurídice de Caccine,Jardim Santa Francisca Cabrini,04844-630
Rua Simão Alves de Faria,Jardim Santa Gertrudes,04918-060
Rua Trasybulo Pinheiro de Albuquerque,Jardim Santa Helena,04787-001
Rua Antônio Aranha,Jardim Santa Josefina,05819-370
Rua Acaricuara,Jardim Santa Lucrécia,05185-440
Rua Henrique Klein,Jardim Santa Margarida,04930-100
Rua Simone Martini,Jardim Santa Maria,03573-170
Rua Delfino de Mello,Jardim Santa Mônica,05171-440
Rua Giambattista Vico,Jardim Santa Rita,04831-060
Avenida Paulo Guilguer Reimberg,Jardim Santa Tereza,04873-000
Rua Serrânia,Jardim Santa Terezinha,03572-290
Rua José da Costa de Andrade,Jardim Santa Terezinha (Zona Leste),03572-340
Rua dos Clarins,Jardim Santa Zélia,04933-080
Rua Doutor Javert de Andrade,Jardim Santo Amaro,04741-070
Rua Padre Jacinto de Carvalhais,Jardim Santo André,08390-350
Rua Pedro de Sevilha,Jardim Santo Antoninho,04368-130
Avenida João Dias,Jardim Santo Antônio,05801-000
Avenida Elísio Cordeiro de Siqueira,Jardim Santo Elias,05136-001
Rua Carlos Chambelland,Jardim Santos Dumont,05367-120
Rua Ilha Caviana,Jardim São Benedito,08371-448
Rua Leão XIII,Jardim São Bento,02526-000
Rua Garcia de Toledo,Jardim São Bento Novo,05882-440
Rua Giuseppe Tartini,Jardim São Bernardo,04844-300
Rua Mário Ângelo Capochi,Jardim Sao Carlos,04433-240
Rua Henrique Guilherme Nicolini,Jardim São Carlos,04433-180
Rua Raul Laparra,Jardim São Carlos (Zona Sul),04433-170
Rua Furquim,Jardim São Cristóvão,03930-050
Travessa Edith Evans,Jardim São Francisco,08390-319
Rua Durante Gullo,Jardim São Francisco de Assis,04890-820
Rua Douradoquara,Jardim São Gabriel,03939-010
Estrada da Colônia,Jardim São Gonçalo,08370-190
Rua Noanamá,Jardim São Januário,05781-250
Rua Rodolfo Albino Silva,Jardim São João,08420-580
Rua Bacabinha,Jardim São Joaquim,04917-030
Rua Poema dos Olhos,Jardim São Jorge,05567-040
Rua Juliante Vigna,Jardim São Jorge (Raposo Tavares),05567-130
Rua Major Armando Veiga Castelo,Jardim São José,02971-030
Rua Tirinto,Jardim São Judas Tadeu,04858-210
Rua São Gabriel,Jardim São Luís,02282-000
Rua Antônio Ribera,Jardim São Luís (Zona Leste),08121-003
Rua Pedro Roldan,Jardim São Manoel,05871-340
Rua Macapera,Jardim São Martinho,08081-620
Rua Tambaú,Jardim São Miguel,02537-145
Rua Campo das Pitangueiras,Jardim São Nicolau,03685-010
Rua Doutor João Leal da Costa,Jardim São Paulo,08461-460
Rua Oito,Jardim São Pedro,04852-301
Rua Francisco Correia Vasques,Jardim São Rafael,04860-000
Rua Catumbi,Jardim São Remo,05360-110
Rua Eduardo Tuldra,Jardim São Ricardo,05143-220
Rua Tarde de Brisa,Jardim São Roberto,03978-585
Rua Adolfo Meyer,Jardim São Roque,05736-010
Rua Flávio Augusto,Jardim São Savério,04194-210
Avenida Imperador,Jardim São Sebastião,08050-000
Rua José Codina,Jardim São Silvestre,02805-160
Rua Paulo da Costa,Jardim São Vicente,04813-220
Rua João Pires Monteiro,Jardim Sapopemba,03975-100
Avenida Waldemar Roberto,Jardim Sarah,05381-050
Rua Querino Landi,Jardim Satélite,04815-060
Rua Pelegrino Varani,Jardim Seckler,04242-000
Rua Lourenço Siqueira Preto,Jardim Selma,04431-080
Rua Padre Zeferino do Carmo,Jardim Senice,08150-570
Rua Fonte do Salgueiro,Jardim Sertãozinho,04826-250
Rua Madre Ana Justina,Jardim Shangrilá,04852-050
Rua Aricanga,Jardim Silva Teles,08160-000
Rua Antônio Bernal,Jardim Silveira,04892-100
Rua Dom Brás da Silveira,Jardim Sílvia,08140-570
Rua Daniel Alomia,Jardim Sipramar,04851-340
Rua André Higino,Jardim Soares,08460-460
Rua Peloponeso,Jardim Solange,04948-000
Rua Soldado José Lino do Nascimento,Jardim Somara,04845-050
Rua Mercedes Tesser Pochini,Jardim Sônia Inga,05869-225
Rua Gagliano Netto,Jardim Soraia,05872-080
Rua Quisiro,Jardim Souza,04918-100
Travessa Pranto no Mar,Jardim Sul São Paulo,04413-005
Rua Lanciano,Jardim Suzana,04784-190
Rua Cabo João Assunção,Jardim Sydney,02981-050
Avenida João Caiaffa,Jardim Taboão,05742-100
Rua Dirce Gomes de Souza,Jardim Taipas,02990-170
Rua Doutor Tércio de Barros Pimentel,Jardim Tanay,04856-060
Avenida dos Nacionalistas,Jardim Tango,03901-010
Avenida Engenheiro Alberto de Zagottis,Jardim Taquaral,04675-085
Rua Palas,Jardim Textil,03415-100
Rua José Antônio dos Santos,Jardim Thomaz,05834-120
Rua José Francisco dos Santos,Jardim Tietê,03946-010
Avenida Doutor Márcio Munhós,Jardim Tiro ao Pombo,02842-340
Rua Hiran de Lima Pereira,Jardim Toca,04848-270
Rua Luís Inácio,Jardim Tremembé,02354-350
Rua das Violetas,Jardim Três Corações,04855-315
Avenida Ragueb Chohfi, 1111/1835,Jardim Três Marias,08375-900
Rua Coruguati,Jardim Triana,03554-090
Rua Desembargador Homero Pinho,Jardim Tropical,05379-240
Avenida Imigrante Japonês,Jardim Trussardi,05519-030
Rua Domingos João de Carvalho,Jardim Tuã,08140-100
Rua Adalberto Szilard,Jardim Tupã,04904-100
Rua Santa Rita do Sapucai,Jardim Tupi,04939-170
Rua Vareirinha,Jardim Turquesa,04943-050
Rua Germano Gottsfritz,Jardim Uberaba,04434-150
Rua Antônio Fernandes de Oliveira,Jardim Ubirajara,04458-050
Rua Jaracatia,Jardim Umarizal,05754-070
Avenida Interlagos,Jardim Umuarama,04661-200
Avenida Doutora Ruth Cardoso,Jardim Universidade Pinheiros,05477-000
Rua José Ramos Fernandes,Jardim Vale das Virtudes,05796-070
Rua Clélia Untti Vaquero,Jardim Vale do Sol,08383-640
Rua da Quimera,Jardim Valparaiso,02367-385
Rua Rio Capiberibe,Jardim Varginha,04856-435
Rua Mateus de Peruggia,Jardim Vaz de Lima,05833-230
Rua Olímpio Rodrigues da Silva,Jardim Vazani,05710-080
Rua Ângelo Tarchi,Jardim Vera Cruz,04965-000
Rua José Serdeira Ribas,Jardim Vergueiro,04174-135
Rua Uibaí,Jardim Verônia,03816-060
Rua João Mendes Mesquita,Jardim Vieira,05109-060
Rua Manuel da Luz Drumond,Jardim Vila Carrão,08340-410
Rua Jorge Ogushi,Jardim Vila Formosa,03471-000
Rua Agnaldo Manuel dos Santos,Jardim Vila Mariana,04116-250
Rua Estevão Ribeiro Garcia,Jardim Virginia,08120-590
Rua Antônio Portugal,Jardim Virginia Bianca,02358-050
Rua Apacanim,Jardim Vista Alegre,02877-120
Rua Serra dos Quatis,Jardim Vista Linda,05159-310
Rua Um Amazonas,Jardim Vitória,08473-790
Rua D,Jardim Vitória Régia,02859-170
Rua Elvira Hidalgo,Jardim Vivan,02993-210
Rua José Luís Rodrigues Calazans,Jardim Wanda,05864-120
Travessa Alfredo Eduardo Noronha,Jardim Wilma Flor,08473-005
Rua Marcos Álvares,Jardim Zaira,04405-280
Rua René Juste,Jardim Zilda,04856-385
Rua Gêmea Dantas,Jordanópolis,04830-300
Avenida Engenheiro Eusébio Stevaux,Jurubatuba,04696-000
Estrada do Taquaral,Lagoa Grande,04893-225
Rua Catarina Cubas,Lajeado,08450-350
Rua Domingos Rodrigues,Lapa,05075-000
Rua Werner Von Siemens,Lapa de Baixo,05069-010
Rua Teodoro Maldonado,Lar São Paulo,05639-160
Avenida Adolfo Coelho,Lauzane Paulista,02443-000
Rua Pandiá Calógeras,Liberdade,01525-020
Rua Roque de Morais,Limão,02721-030
Avenida Manoel dos Santos Braga,Limoeiro,08051-400
Avenida Nelson Palma Travassos,Loteamento City Jaragua,02998-000
Rua Manolo Florentino,Loteamento Reserva Raposo,05584-154
Rua São Caetano,Luz,01104-000
Avenida Direitos Humanos,Mandaqui,02475-002
Rua Retiro,Maranhão,03073-005
Rua Gervásio José dos Santos,Mata Fria,02287-230
Avenida Jabaquara,Mirandópolis,04045-003
Avenida Ibijaú,Moema,04524-020
Rua Maria Arabela Matos,Moinho Velho,02929-160
Rua do Oratório,Mooca,03116-000
Rua dos Anhambús,Morada do Sol,05273-212
Rua Cipotuba,Morro do Índio,05873-190
Rua dos Franceses,Morro dos Ingleses,01329-010
Avenida Morumbi,Morumbi,05606-010
Rua Doutor Heitor Nascimento,Nossa Senhora do Ó,02927-130
Rua Brás de Arzão,Nova Piraju,04625-050
Avenida Coronel Sezefredo Fagundes,Núcleo do Engordador,02368-000
Rua Capitão Manuel Pinto de Almeida,Núcleo Lageado,08440-610
Rua Itatinga,Pacaembu,01247-020
Rua Eliseu Visconti,Paineiras do Morumbi,05683-010
Rua Barra da Jangada,Parada Inglesa,02247-030
Rua Damasio Pinto,Parada Quinze,08250-000
Rua Imbaçal,Parada XV de Novembro,08246-025
Rua Said Aiach,Paraíso,04003-020
Rua Leonardo Cerveira Varandas,Paraíso do Morumbi,05705-270
Rua Major José Marioto Ferreira,Paraisópolis,05662-020
Estrada Engenheiro Marsilac,Parelheiros,04891-000
Rua Tiers,Pari,03031-000
Rua Izabel Klein Zettler,Parque Alto do Rio Bonito,04823-430
Avenida Guarapiranga,Parque Alves de Lima,04902-005
Rua José Carlos Ferreira,Parque América,04841-080
Rua Miguel Pereira Landim,Parque Anhangüera,05158-000
Avenida Assis Chateaubriand,Parque Anhembi,02009-030
Rua Antônio Eduardo Ramalho,Parque Arariba,05778-100
Rua Peixoto Werneck,Parque Artur Alvim,03568-060
Rua Elídio Celestino,Parque Atlântico,04803-030
Rua Doutor Amando Franco Soares Caiuby,Parque Bairro Morumbi,05640-020
Rua Santa Cruz da Conceição,Parque Belém,02850-100
Avenida Ragueb Chohfi,Parque Boa Esperança,08341-410
Rua Diriamba,Parque Bologne,04941-140
Rua Doutor Luiz Ferreira de Lemos,Parque Boturussu,03803-010
Rua Yolanda Polastron,Parque Brasil,04843-210
Rua Professor João Ramos da Costa,Parque Bristol,04193-240
Rua Ushikichi kamiya,Parque Casa de Pedra,02323-000
Rua Caiçara do Rio do Vento,Parque Císper,03817-000
Rua Doutor Nuno Guerner de Almeida,Parque Cocaia,04850-230
Avenida Manuel Velho Moreira,Parque Colonial,03967-010
Rua Wilson Carlos Rodrigues,Parque Continental,05327-010
Rua Líbero Ancona Lopez,Parque Cruzeiro do Sul,08070-280
Rua Teerã,Parque da Lapa,05301-000
Praça Padre Mário Fontana,Parque da Mooca,03127-030
Rua Pinheiro Guimarães,Parque da Vila Prudente,03141-030
Rua Mamoneira,Parque das Árvores,04824-020
Rua Augusto Avelino de Morais,Parque das Cerejeiras,04966-140
Rua Flamboyant,Parque das Flores,08391-290
Avenida Esperantina,Parque das Paineiras,03692-000
Avenida Carlos Barbosa Santos,Parque Deizy,04852-110
Avenida Alcindo Ferreira,Parque do Castelo,04803-170
Estrada do MBoi Mirim,Parque do Lago,04948-035
Avenida Dona Helena Pereira de Moraes,Parque do Morumbi,05707-400
Rua Ruy Coelho,Parque do Terceiro Lago,04870-100
Rua Plácido Parreira Lima,Parque Dom João Neri,08151-110
Rua Estevão Ferrara,Parque Doroteia,04474-200
Rua Feliciano Prazeres,Parque dos Bancários,03923-175
Rua Adriano Silva,Parque dos Príncipes,05396-440
Rua Bom Jesus da Cachoeira,Parque Edu Chaves,02236-020
Rua Amaro Oliveira Lima,Parque Esmeralda,05784-010
Rua Eduardo Grusius,Parque Esperança,05266-010
Travessa Maio de 1985,Parque Fernanda,05887-400
Rua Henrique Hessel,Parque Florestal,04882-010
Rua Rizieri Negrini,Parque Fongaro,04257-160
Rua Geraldo Honório da Silva,Parque Grajaú,04843-650
Avenida Água Vermelha,Parque Guaianazes,08431-470
Avenida Coronel Alves e Rocha Filho,Parque Guarani,08235-770
Avenida Pedro Álvares Cabral,Parque Ibirapuera,04094-050
Rua Biobedas,Parque Imperial,04302-010
Rua Andréa Sansovino,Parque Independência,05878-010
Rua Ituacu,Parque Industrial,08110-110
Avenida Nicolas Boer,Parque Industrial Tomas Edson,01140-060
Rua Sylvio Lagreca,Parque Ipê,05571-010
Rua Morato de Oliveira,Parque Itaberaba,02764-010
Praça Alfredo Egydio de Souza Aranha, 100,Parque Jabaquara,04344-902
Rua do Contorno,Parque Lagoa Rica,04893-150
Rua Alfonso Santi,Parque Ligia,05857-480
Avenida Zumkeller,Parque Mandaqui,02420-000
Rua Reverendo José Carlos Nogueira,Parque Mandi,02759-000
Rua Antônio de Pina,Parque Maria Alice,04932-230
Rua Willis Roberto Banks,Parque Maria Domitila,05128-000
Avenida Paulo Guilguer Reimberg,Parque Maria Fernandes,04858-570
Rua Cabo Estácio da Conceição,Parque Maria Helena,05854-060
Rua Luís Scalise,Parque Maria Luiza,03450-050
Rua Luís Caetano Martins,Parque Monteiro Soares,02738-120
Rua Francisco da Cruz Mellão,Parque Munhoz,05782-351
Rua Doutor Pedro Luís Napoleão Chernovicz,Parque Nações Unidas,02995-350
Avenida Ema Livry,Parque Novo Grajaú,04847-050
Rua Leandro de Sevilha,Parque Novo Lar,03925-000
Rua da Baracela,Parque Novo Mundo,02190-120
Rua Coelho Lousada,Parque Novo Santo Amaro,05874-070
Avenida Águia de Haia,Parque Paineiras,03694-000
Rua Pôr do Sol,Parque Panamericano,02993-310
Rua Sarapopeba,Parque Paulistano,08080-080
Rua Patrícia,Parque Penha,03738-190
Rua Jorge Silva Luz,Parque Pereira,03257-140
Rua Ouro Grosso,Parque Peruche,02531-012
Rua Francisco Sanches Dias,Parque Planalto,04841-190
Rua Glauco Faria de Almeida,Parque Primavera,04467-200
Rua Miguel Peixoto,Parque Ramos Freitas,02353-080
Rua João Simões de Souza,Parque Reboucas,05734-140
Rua Alberto Ádamo,Parque Recreio,04891-160
Avenida Leitão da Cunha,Parque Regina,05775-200
Rua Gilberto Freyre,Parque Residencial Cocaia,04849-000
Avenida Embaixador Macedo Soares,Parque Residencial da Lapa,05035-000
Rua Sabiá das Paineiras,Parque Residencial dos Lagos,04851-480
Rua Arlindo Veiga dos Santos,Parque Residencial Julia,04671-300
Rua Américo Castro,Parque Rodrigues Alves,02249-050
Avenida Rio Mirivaí,Parque Santa Amélia,08122-440
Rua Santa Cecília,Parque Santa Cecília,04862-030
Rua Murucuiá,Parque Santa Madalena,03983-160
Rua José Eleutério dos Santos,Parque Santa Rita,08150-090
Rua Hugo Guedes da Cruz,Parque Santana,04823-300
Rua Piraporinha,Parque Santo Amaro,04932-150
Rua Maria Amélia Gouveia André,Parque Santo Antônio,05850-250
Rua Estanislau Bonk Filho,Parque Santo Eduardo,03384-030
Rua Inácio Luís da Costa,Parque São Domingos,05112-010
Rua São Jorge,Parque São Jorge,03087-000
Rua Professor Cardoso Rangel,Parque São José,04843-360
Rua Forte da Ribeira,Parque São Lourenço,08340-145
Rua Luísa Damasse,Parque São Lucas,03263-090
Rua Colônia Fernando Costa,Parque São Luís,02832-160
Rua Alziro Pinheiro Magalhães,Parque São Miguel,04855-000
Rua Urgel,Parque São Paulo,04843-170
Rua Bento do Amaral da Silva,Parque São Rafael,08320-175
Rua Leoneta Ricceli,Parque Savoy City,03570-320
Rua Madrid,Parque Sevilha,03157-010
Rua Andréa Della Robbia,Parque Sonia,05856-490
Estrada do Mestre,Parque Taipas,02987-160
Rua Herbert Laas,Parque Taipas - Parque das Flores,02988-100
Rua Doutor Dioracy Nascimento,Parque Tamari,04891-010
Rua São Gonçalo do Rio Baixo,Parque Tietê,02870-080
Rua José Luiz de Oliveira,Parque Tomas Saraiva,03284-140
Rua Sarah Velardo Velloso,Parque Veloso,02064-000
Rua Paraíso,Parque Vila Maria,02169-210
Rua Félix de Brito,Parque Vitória,02270-110
Rua João Barroso,Pedreira,04459-270
Rua Henrique Sousa Queirós,Penha de França,03605-020
Rua Bartira,Perdizes,05009-000
Rua Antônio de Pádua Dias,Perus,05202-070
Rua Nicolau Gagliardi,Pinheiros,05429-010
Rua José Peres Campelo,Piqueri,02913-090
Estrada do Campo Limpo,Pirajussara,05787-000
Avenida Mutinga,Pirituba,05154-000
Avenida Piassanguaba,Planalto Paulista,04060-002
Rua Doutor José Leal Mascarenhas,Polvilho,05289-000
Avenida Presidente Castelo Branco,Ponte Pequena,01142-300
Avenida Coronel Astolfo Araújo Filho,Praia do Leblon,04474-410
Rua Rodrigues Lobo,Praia Paulistinha,04812-320
Rua Pedro de Castillo,Protendit,02289-010
Rua Doutor João Batista de Lacerda,Quarta Parada,03177-010
Avenida Sapopemba,Quilômetro Vinte e Oito,08383-300
Rua Jacaraípe,Quinta da Paineira,03152-150
Avenida Circular,Raposo Tavares,05547-025
Avenida Barão de Monte Mor,Real Parque,05687-010
Rua Rio Claro,Recanto Alegre,08383-245
Estrada Paiol,Recanto Campo Belo,04880-120
Travessa Taiá,Recanto dos Humildes,05209-310
Rua Bem-te-vi,Recanto Paraíso,05210-070
Rua Paolo de Firenze,Recanto Santo Antônio,05816-010
Rua da Independência,Recanto Verde do Sol,08382-180
Praça Dom José Gaspar,República,01047-010
Rua Antônio Carlos Salles Filho,Residencial Morumbi,05745-250
Rua Monte Castelo,Residencial Sol Nascente,05283-130
Rua dos Jequitibás,Residencial Taipas,05263-030
Rua Cinco,Residencial Vilela,04880-640
Rua General Pereira da Cunha,Retiro Morumbi,05692-060
Rua Frederico Rene de Jaegher,Rio Bonito,04826-010
Avenida Escola Politécnica,Rio Pequeno,05350-000
Rua Padre Claro,Riviera Paulista,04923-120
Rua Frei Sampaio,Sacomã,04248-090
Rua dos Robalos,Santa Amélia,04473-240
Rua Doutor Veiga Filho,Santa Cecília,01229-000
Rua Vitória,Santa Efigênia,01210-002
Rua Copacabana,Santa Teresinha,02461-000
Avenida Marechal Eurico Gaspar Dutra,Santana,02239-010
Rua Ada Negri,Santo Amaro,04755-000
Estrada das Lágrimas,São João Clímaco,04244-000
Rua Professor Aprígio Gonzaga,São Judas,04303-000
Avenida Mateo Bei,São Mateus,03949-300
Rua Salvador de Medeiros,São Miguel Paulista,08010-020
Avenida Sapopemba,Sapopemba,03374-001
Rua do Boqueirão,Saúde,04293-000
Praça da Sé,Sé,01001-000
Rua da Represa,Sete Praias,04477-360
Rua São José da Serra,Siciliano,05052-040
Estrada Professor Edmundo Rosset,Sítio Barrocada,02286-000
Rua Paulo Lacombe,Sítio Botuquara,02988-060
Rua Vittório Rassati,Sítio Canela Branca,04894-000
Rua Francisco Rossano,Sítio da Figueira,03211-190
Rua Epaminondas Melo do Amaral,Sítio do Mandaqui,02542-000
Rua Antônio João,Sítio do Morro,02553-050
Rua Sorocaba,Sítio Itaberaba I,05270-070
Avenida Elísio Teixeira Leite,Sítio Morro Grande,02810-000
Rua Costa Barros,Sítio Pinheirinho,03210-001
Rua Olívia Guedes Penteado,Socorro,04766-000
Rua Morada da Paraíba,Sol Nascente,05281-210
Rua Cafelândia,Sumaré,01255-030
Rua Heitor Penteado,Sumarezinho,05438-300
Rua Sebastiana da Cunha Bueno,Super Quadra Morumbi,05750-360
Rua Pitangui,Tatuapé,03077-090
Rua das Flores,Terceira Divisão,08383-005
Rua José Pinto Brandão,Terceira Divisão de Interlagos,04809-000
Avenida Senador José Ermírio de Moraes,Tremembé,02357-001
Estrada Três Cruzes,Três Cruzes,02285-000
Avenida Nova Cantareira,Tucuruvi,02341-000
Rua Guaramembé,Umarizal,05754-060
Rua Rio Caipora,União de Vila Nova,08072-275
Avenida Miguel Yunes,Usina Piratininga,04444-000
Rua Leonor de Almeida,Valo Velho,05857-590
Rua Rubens Meireles,Várzea da Barra Funda,01141-000
Rua Doutor Rubens Gomes Bueno, 691,Várzea de Baixo,04730-903
Avenida Coronel Octaviano de Freitas Costa,Veleiros,04773-000
Rua Ângelo Pedroso,Vila ABC,08460-345
Rua Giácomo Carissimi,Vila Adalgisa,05386-120
Rua Afonso Aliperti,Vila Água Funda,04156-090
Rua Rio Quebra Anzóis,Vila Aimoré,08190-040
Rua Itaim,Vila Alabama,08110-650
Rua Doutor Joaquim Batista Ferreira Sobrinho,Vila Albertina,02729-030
Rua Albuquerque Sousa Muniz,Vila Alexandria,04635-010
Avenida das Nações Unidas,Vila Almeida,04795-000
Rua Hermeto Lima,Vila Alpina,03211-160
Rua Faustino Xavier de Novais,Vila Alzira,03986-230
Rua Rocha Leão,Vila Amália,02618-190
Avenida Ministro Petrônio Portela,Vila Amélia,02802-120
Rua Caraputinga,Vila América,02928-000
Avenida Nordestina,Vila Americana,08021-000
Rua Primavera,Vila Ana Rosa,02997-100
Rua Fortunato Ferraz,Vila Anastácio,05093-000
Rua das Mansardas,Vila Andes,08440-620
Rua Almaden,Vila Andrade,05717-200
Rua Ribeiro de Barros,Vila Anglo Brasileira,05027-020
Rua Iepê,Vila Anhangüera,04673-150
Rua Engenheiro Guilherme Cristiano Frender,Vila Antonieta,03477-000
Rua Horizonte,Vila Antonina,03412-060
Avenida Diogo de Azevedo,Vila Antônio,05376-140
Rua Dionizio Lourenzi,Vila Aparecida,08020-170
Rua João da Cunha Lobo,Vila Araguaia,03735-270
Rua Parobi,Vila Arapuã,04258-110
Avenida General Edgar Facó,Vila Arcádia,02924-000
Rua Domingos Costa Figueira,Vila Arco Íris,04852-740
Rua Vieira Pinto,Vila Aricanduva,03504-020
Rua Afonso Araújo Almeida,Vila Arriete,04445-020
Rua Álvaro Teles de Menezes,Vila Arruda,03712-070
Rua André Kohle,Vila Augusto,05057-000
Rua José Pinto Martins,Vila Aurea,08411-250
Rua Belchior Barreiros,Vila Aurora,02410-060
Rua das Andorinhas Migratórias,Vila Ayrosa,02288-035
Rua Platina,Vila Azevedo,03308-010
Rua Tejupá,Vila Babilônia,04350-020
Rua Adolfo Bezerra de Menezes,Vila Bancária,03918-030
Rua Presidente Bernardes,Vila Bancária Munhoz,02757-000
Avenida José de Brito de Freitas,Vila Bandeirantes,02552-000
Travessa Fama,Vila Barbosa,02557-150
Rua Guerino Giovani Leardini,Vila Barreto,02937-040
Rua Professor Serpa Lopes,Vila Baruel,02510-050
Travessa Neco,Vila Basileia,02471-085
Rua Elias Bauab,Vila Bauab,03894-240
Rua Embiruçú,Vila Beatriz,03644-000
Rua Doutor Vicente Giacaglini,Vila Bela,03203-000
Estrada de Vila Jaguará,Vila Bela Aliança,05089-100
Rua Nassioseno Gomes Barbosa,Vila Bela do Sapopemba,03271-030
Rua Vinte e Dois de Agosto,Vila Bela Vista,02617-000
Rua Ibitinga,Vila Bertioga,03186-020
Rua Vasco Cinquini,Vila Bianca,02022-130
Rua Professor Augusto Coelho e Sousa,Vila Boaçava,05170-080
Rua Francisca Jacinta dos Santos,Vila Bom Jardim,04937-220
Rua Francisco Braga,Vila Bonilha,02935-070
Rua Américo Machado,Vila Bonilha Nova,02919-130
Rua Porto Amazonas,Vila Brasil,08210-780
Rua Dourada,Vila Brasilândia,02820-090
Travessa Maria Bela Rodrigues,Vila Brasilina,04163-120
Rua João Batista Bonamini,Vila Brasílio Machado,04289-070
Rua Amaral Gurgel,Vila Buarque,01221-000
Rua Entre-Rios,Vila Buenos Aires,03736-000
Rua Baltazar Rabelo,Vila Butantã,05360-170
Rua Doutor Henrique Meyer,Vila Cachoeira,02343-000
Rua Felipe Cardoso de Campos, 728,Vila Caiúba,05207-908
Rua Ângelo Giannini,Vila Califórnia,04775-130
Rua Maria do Carmo,Vila Calu,04961-120
Rua Santana do Agreste,Vila Campanela,08220-281
Rua Rosália de Castro,Vila Campestre,04330-100
Rua César Marengo,Vila Campo Grande,04455-220
Rua Alto Rio Novo,Vila Canero,03191-060
Rua Jutlândia,Vila Capela,04415-120
Rua Manoel Salgado,Vila Caraguatá,04191-270
Rua dos Rodrigues,Vila Carbone,02750-000
Rua Miguel Borja,Vila Cardoso Franco,03978-130
Rua Colorado,Vila Carioca,04225-050
Avenida Doutor Orêncio Vidigal,Vila Carlos de Campos,03640-010
Rua Milton José Theodoro,Vila Carmem,03280-160
Rua Arraial da Anta,Vila Carmosina,08270-090
Avenida Marquês de Muritiba,Vila Carolina,02279-020
Rua Henrique Xavier,Vila Carrão,03436-050
Rua Canuto Borelli,Vila Castelo,04438-070
Rua Cavatton,Vila Cavaton,02962-150
Rua Agop Kerimian,Vila Celeste,02543-011
Rua Jorge Augusto,Vila Centenário,03645-000
Rua Acutinga,Vila Chabilândia,08440-420
Viela Agripino,Vila Chavantes,08041-165
Rua Euclides Faria,Vila Chica Luisa,05184-090
Rua André Basili,Vila Chuca,08270-370
Via de Pedestre Maracanaú,Vila Cisper,03803-007
Travessa Santa Margarida,Vila Clara,04414-050
Rua Manuel Bento da Cruz,Vila Clarice,05177-270
Rua Rio Cambori-Guaçu,Vila Cláudia,08140-320
Rua Doutor Diogo de Faria,Vila Clementino,04037-001
Rua Maestro Arturo de Angelis,Vila Comercial,05139-010
Rua Orminda Pinto,Vila Conceição,08151-200
Rua Quebrangulo,Vila Conde do Pinhal,04254-100
Rua Barão de Suruí,Vila Congonhas,04612-120
Avenida Yervant Kissajikian,Vila Constança,04657-000
Rua Bartolomeu Cordovil,Vila Continental,02616-020
Rua Pedreira do Roque,Vila Corberi,08210-230
Rua Ministro Luiz Gallotti,Vila Cordeiro,04580-051
Rua Gabriel Abreu,Vila Cosmopolita,08421-115
Rua Benedetto Antelami,Vila Costa Melo,03625-100
Avenida Marginal,Vila Cristália,04257-245
Travessa Ângela Lopes,Vila Cruz das Almas,02804-020
Rua Bragança Paulista,Vila Cruzeiro,04727-000
Rua Rosabela da Silva,Vila Cunha Bueno,03260-030
Rua Antônio Rosselino,Vila Curuçá,08031-563
Avenida João Paulo da Silva,Vila da Paz,04777-020
Rua Carneiro da Cunha,Vila da Saúde,04144-000
Rua Doutor Fontes de Resende,Vila Dalila,03520-020
Rua José do Patrocínio Waetge,Vila Dalva,05388-000
Rua Joaquim do Rego Monteiro,Vila Damaceno,05864-090
Rua Rio São Francisco do Mogiano,Vila Danubio Azul,08041-290
Rua Manuel da Costa,Vila Darli,03262-000
Rua Gregório Allegri,Vila das Belezas,05842-070
Rua Léo de Morais,Vila das Mercês,04165-150
Rua Basílio da Cunha,Vila Deodoro,01544-001
Rua Adolfino de Arruda Castanho,Vila Dinorah,05379-160
Rua Afonso Lopes Vieira,Vila Dionisia,02671-100
Rua Carnaíba,Vila Diva,03351-037
Avenida Professor Luiz Ignácio Anhaia Mello,Vila Divina Pastora,03294-200
Rua Araçoiaba,Vila do Bosque,04147-040
Rua David Eid,Vila do Castelo,04438-000
Avenida Engenheiro Armando de Arruda Pereira,Vila do Encontro,04325-001
Rua Eubéia,Vila do Sol,04962-170
Rua Gama Lobo,Vila Dom Pedro I,04269-001
Rua Malie Brenner,Vila Dom Pedro II,02243-020
Rua Manuel da Silva,Vila Domitila,03626-120
Rua Blas do Prado,Vila Dona Augusta,02322-320
Rua Eduardo Leon,Vila Dona Sara,03471-030
Rua Duquesa do Faial,Vila Dorna,02322-000
Rua João de Araújo,Vila dos Andradas,04469-000
Rua Mendonça Júnior,Vila dos Andrades,02610-010
Rua Doutor Camilo Haddad,Vila dos Minérios,03266-000
Rua Carlos Marighella,Vila dos Palmares,05273-040
Rua Domingos de Braga,Vila dos Remédios,05102-090
Rua da Maçonaria,Vila Doutor Eiras,08010-230
Rua Igaraí,Vila Ede,02211-050
Rua Antonieta Revoredo,Vila Elvira,04725-010
Rua Coronel Augusto Celso de Moura,Vila Elze,03256-000
Rua Aldeia dos Índios,Vila Ema,03276-115
Rua Carida,Vila Emir,04461-000
Rua Marguerite Louise Riechelman,Vila Erna,04403-010
Rua São João do Pernambuco,Vila Ernesto,05731-430
Avenida João dos Santos Abreu,Vila Espanhola,02566-020
Rua Evans,Vila Esperança,03648-020
Rua Bartolomeu Gonçalves,Vila Ester,08330-240
Rua Moacir Álvaro,Vila Euthalia,03518-000
Travessa Bierremback,Vila Fachini,04334-180
Avenida Domingos Antônio Di Sandro,Vila Fanton,05223-200
Rua Augusto de Sousa Queiroz,Vila Fátima,03920-190
Rua Etelvina,Vila Feliz,03616-100
Rua Apetiribu,Vila Fernandes,03433-050
Rua Rudi Schaly,Vila Fiat Lux,05101-060
Rua Branca Donadio,Vila Fidalgo,02321-250
Rua Breno Ferraz do Amaral,Vila Firmiano Pinto,04124-020
Rua Pretória,Vila Formosa,03416-000
Rua Manuel Moreira de Sá,Vila Franca,05776-450
Rua Maria Angélica Franci,Vila Franci,03737-140
Rua José Pedreschi,Vila Francos,02881-000
Rua Tailândia,Vila Friburgo,04782-053
Rua Professor Pinheiro Domingues,Vila Frugoli,03674-000
Rua Maurício Sink,Vila Fukuya,08441-140
Rua Manuel Ferreira Costa,Vila Gabriel,02863-110
Rua Ubatu Mirim,Vila Gea,04692-010
Rua Rio Verde,Vila Genioli,02934-401
Avenida das Nações Unidas,Vila Gertrudes,04794-000
Rua Beira Rio,Vila Gil,08370-530
Rua Carolus-Duran,Vila Gilda,04953-030
Rua Engenheiro César Polilo,Vila Giordano,08021-150
Rua Coronel Camisão,Vila Gomes,05590-120
Rua Cantagalo,Vila Gomes Cardim,03319-002
Rua Cairiri,Vila Graciosa,03160-010
Rua Domingos de Carlo,Vila Granada,03659-000
Rua Helena do Sacramento,Vila Guaca,02433-020
Rua dos Marimbas,Vila Guacuri,04475-240
Rua Arlindo Bettio,Vila Guaraciaba,03828-000
Rua Juibará,Vila Guarani,04312-070
Rua Itapiraco,Vila Guedes,05134-140
Rua Padre Caldas Barbosa,Vila Guilherme,02055-050
Rua Astorga,Vila Guilhermina,03542-000
Estrada do Morro Cavado,Vila Guiomar,04961-040
Rua Vigário Albernaz,Vila Gumercindo,04134-021
Rua do Amiúte,Vila Gustavo,02250-180
Rua Paulo Franco,Vila Hamburguesa,05305-030
Rua Edson Andrade Silva,Vila Hebe,02765-050
Rua Rosário de Minas,Vila Helena,08081-270
Rua Jardim de Dom Pedro,Vila Heliópolis,04236-040
Rua Marcos Ramalho,Vila Hermínia,02979-150
Avenida Chica Luíza,Vila Homero,05184-180
Avenida Doutor Guilherme de Abreu Sodré,Vila Hortência,08490-010
Rua Madre Linda Lucotti,Vila Ida,05455-020
Rua Professor Rodolpho de Freitas,Vila Império,04406-000
Rua Ibirité,Vila Inácio,05206-120
Rua Alcobaça,Vila Inah,05620-030
Rua Guamiranga,Vila Independência,04220-020
Rua Abadia dos Dourados,Vila Indiana,05586-030
Avenida Morais Costa,Vila Industrial,03253-000
Rua Sebastopol,Vila Inglesa,04653-000
Rua Doutor Gabriel de Resende, 437,Vila Invernada,03350-970
Rua Carlo Barbosa,Vila Iolanda,08451-580
Rua José Pereira de Jesus,Vila Iolanda II,08473-685
Rua Alfredo Margária,Vila Iório,02964-120
Rua Tonelero,Vila Ipojuca,05056-000
Rua Mateus Garcia,Vila Irmãos Arnoni,02374-000
Avenida Nossa Senhora do Sabará,Vila Isa,04686-001
Rua Jorge Pires Ramalho,Vila Isabel,02846-190
Rua Articura,Vila Isolina Mazzei,02084-150
Rua Camaratiba,Vila Itaberaba,02847-040
Rua Cachoeira Mangaval,Vila Itaim,08190-350
Rua Ângelo Agostini,Vila Ivone,03275-020
Travessa Professor Richard Wasicky,Vila Jacuí,08060-383
Rua Pontalina,Vila Jaguara,05115-080
Rua José de Alvarenga,Vila Jaguari,05162-240
Rua Silvestro Palma,Vila Jaraguá,05163-100
Avenida Yervant Kissajikian,Vila Joaniza,04428-000
Rua Manuel Algante,Vila João Batista,02837-010
Rua Alcoforado,Vila Jurema,08130-200
Rua Luiz Toschi,Vila Lageado,05343-020
Rua Cristiano Osório,Vila Laís,03611-060
Rua Freitas Gamboa,Vila Lar Nacional,03925-070
Avenida Angelina,Vila Leonor,02077-000
Avenida Mofarrej,Vila Leopoldina,05311-000
Rua Jacinto de Lima Santos,Vila Libanesa,03738-090
Rua Jaime Cavalcanti,Vila Liviero,04186-150
Rua Francisco Damante,Vila Londrina,03731-000
Rua Ulisses Guimarães,Vila Lourdes,08452-651
Rua Pitinga,Vila Lúcia,03146-030
Rua Manuel Silva Neto,Vila Macedópolis,03237-000
Rua Pascoal Vita,Vila Madalena,05445-000
Rua São Constâncio,Vila Mafra,03414-010
Rua Rubens de Souza Araújo,Vila Mangalot,05132-000
Avenida José Martins Lisboa,Vila Mara,08081-010
Rua Valdomiro,Vila Marari,04402-200
Rua Bahia,Vila Marcelo,04866-007
Rua Bucuituba,Vila Margarida,03276-010
Rua da Gávea,Vila Maria,02121-020
Praça Maria Montessori,Vila Maria Alta,02127-030
Rua Professora Maria José Barone Fernandes,Vila Maria Baixa,02117-020
Rua Coronel José Rufino Freire,Vila Maria Eugenia,05159-500
Rua Silvério Gonçalves,Vila Maria Luisa,02754-000
Avenida Fuad Lutfalla,Vila Maria Trindade,02968-000
Rua José Alves de Oliveira,Vila Maria Zélia,03021-240
Rua Potenji,Vila Mariana,04139-020
Avenida São Miguel,Vila Marieta,03619-000
Estrada Santa Etelvina,Vila Marilena,08411-400
Rua Amador de Barros Júnior,Vila Marina,02967-110
Rua Nabuco de Araújo,Vila Mariza Mazzei,02432-000
Rua Budapeste,Vila Marte,04250-000
Avenida Damasceno Vieira,Vila Mascote,04363-040
Rua Dona Matilde,Vila Matilde,03512-000
Rua Avelina Pereira,Vila Mazzei,02315-090
Rua Iraguaçu,Vila Medeiros,02214-040
Rua Pascoal Ranieri Mazzilli,Vila Mendes,03257-180
Rua Maria Fett,Vila Mercedes,03263-000
Rua Zumbi,Vila Mesquita,03714-010
Rua José Ferreira Paz,Vila Miami,03254-070
Rua Professor Alexandre Monat,Vila Minerva,08441-370
Praça Teotônio de Brito,Vila Mira,04377-170
Rua Tollenare,Vila Mirante,02957-010
Rua Meia Ponte,Vila Miriam,02968-050
Rua Padre Luís Vilares,Vila Missionária,04430-260
Rua Professor Alberto Conte,Vila Moinho Velho,04286-070
Rua Abraão Miguel do Carmo,Vila Monte Alegre,04306-090
Rua Simão Estrelado,Vila Monte Santo,08062-120
Rua Mariano Procópio,Vila Monumento,01548-020
Rua Paulo de Morais,Vila Moraes,04168-010
Rua Imbocuí,Vila Moreira,03088-030
Rua Francisco Preto,Vila Morse,05623-010
Rua Camillo Nader,Vila Morumbi,05688-031
Rua Cinco de Julho,Vila Nair,04281-000
Rua Antônio de Barcelos,Vila Nancy,08431-700
Rua Três,Vila Narciso,04851-809
Rua Força Popular,Vila Nascente,04846-500
Rua Pinha Natal,Vila Natal,04863-360
Rua Rolando,Vila Natália,04251-090
Rua Benedito Antônio Gonçalves,Vila Nelson,02275-190
Rua Tibaldo Pereira,Vila Nhocune,03561-020
Rua Cirene de Oliveira Laet,Vila Nilo,02279-010
Rua Betim Pais Leme,Vila Nilva,05109-000
Rua Jerônimo Souto Maior,Vila Nina,02834-090
Rua Capricho,Vila Nivi,02254-000
Avenida São Miguel,Vila Norma,08070-000
Rua Taboas,Vila Nossa Senhora Aparecida,05752-003
Rua Cristina Fidélis,Vila Nossa Senhora do Retiro,02951-170
Rua Roberto Rohe,Vila Nova,03289-040
Rua Vicente de Sabóia,Vila Nova Alba,05358-130
Rua Macuxis,Vila Nova Cachoeirinha,02613-010
Rua Doutor Gentil Leite Martins,Vila Nova Caledônia,04648-000
Rua Igarité,Vila Nova Carolina,02264-000
Rua Inhata,Vila Nova Conceição,04535-040
Rua Antônio da Silva Correia,Vila Nova Curuçá,08031-190
Rua Márcio Akira Miura,Vila Nova das Belezas,05777-110
Rua Goiás,Vila Nova Esperança,05570-760
Rua Projetada,Vila Nova Galvão,02281-135
Rua Quatro de Dezembro,Vila Nova Jaguaré,05333-080
Rua Gaspar de Lemos,Vila Nova Manchester,03443-040
Rua Pedro Sebastião Vinciguera,Vila Nova Mazzei,02312-160
Rua Sene do Campo,Vila Nova Parada,02883-055
Rua Rosicler,Vila Nova Pauliceia,03267-070
Rua Gregório Souza,Vila Nova Savoia,03531-020
Rua Lourenço Franco,Vila Nova Utinga,03258-000
Avenida Aricanduva,Vila Nova York,03990-000
Rua Wilson Ackel,Vila Odete,08440-270
Rua Baluarte,Vila Olímpia,04549-011
Rua Seurrebes Barbosa,Vila Olinda,03380-210
Rua Darnilo Martins Pereira,Vila Oratório,03189-060
Rua Coronel Jordão,Vila Paiva,02075-030
Rua Tacoativa,Vila Palmeiras,02933-100
Avenida Paranaguá,Vila Paranaguá,03806-010
Rua dos Buritis,Vila Parque Jabaquara,04321-001
Rua Manuel Lino de Paiva,Vila Patrimonial,04416-110
Rua Feliciano Bicudo,Vila Paulicéia,02301-020
Rua Manuel Cherem,Vila Paulista,04360-030
Travessa Santa Cruz da Vitória,Vila Paulista I,08490-643
Rua Livramento do Brumado,Vila Paulista II,08490-690
Rua Marciano Carneiro,Vila Paulistana,02318-180
Rua Pássaro-Preto,Vila Paulistania,03720-015
Rua Arneiroz,Vila Paulo Silas,03264-180
Rua Nemésio Ramos Figueira,Vila Pedra Branca,02635-160
Rua Manuel Antônio Fonseca,Vila Penteado,02866-020
Rua Francisco Gomes da Costa,Vila Pereira Barreto,02919-060
Rua Canner,Vila Pereira Cerca,02932-090
Rua Jesuíno Cássia de Lustosa,Vila Perus,05208-030
Rua Jacques Pilon,Vila Piauí,05109-160
Rua Raimundo da Costa e Silva,Vila Picinin,02930-060
Rua Doutor Virgílio Machado,Vila Pierina,03733-180
Rua Edalberto dos Santos,Vila Piracicaba,08090-120
Avenida Caxingui,Vila Pirajussara,05579-001
Rua Carlos Malheiro Dias,Vila Pirituba,05170-040
Rua Apolinário Vieira Coelho,Vila Pita,02478-120
Avenida Otacílio Tomanik,Vila Polopoli,05363-000
Rua Barão do Bananal,Vila Pompéia,05024-000
Rua Agenor de Barros,Vila Ponte Rasa,03881-100
Rua Ideal,Vila Popular,08461-150
Rua General Cândido de Almeida e Souza,Vila Portugal,02918-140
Rua Therezinha Di Spagna Lobo,Vila Portuguesa,02832-140
Rua Professor Dário Ribeiro,Vila Prado,02559-000
Rua Pedro Gomes da Costa,Vila Praia,05750-320
Estrada do Campo Limpo,Vila Prel,05777-001
Rua Adutora de Rio Claro,Vila Primavera,03374-050
Rua Evaldo Calabrez,Vila Princesa Isabel,08410-070
Rua Lício Marcondes do Amaral,Vila Progredior,05616-100
Rua Professor Euclides Luz,Vila Progresso,08245-080
Rua Vila Progresso,Vila Progresso (Zona Norte),02979-140
Praça do Centenário de Vila Prudente,Vila Prudente,03132-050
Rua Mesopotâmia,Vila Quintana,04837-140
Rua Monsenhor João Lauriano,Vila Ramos,02760-000
Rua Ibá-Guaçu,Vila Raquel,08041-230
Rua Municipal,Vila Ré,03661-000
Rua Butiá,Vila Regente Feijó,03346-010
Avenida André Cavalcanti,Vila Regina,08225-420
Rua das Boas Noites,Vila Regina ( Zona Leste),08225-180
Avenida Custódio de Sá e Faria,Vila Renato,03979-000
Travessa Raul José de Faria Guastini,Vila Represa,04826-280
Rua Major Paladino,Vila Ribeiro de Barros,05307-000
Rua Clementino Pereira de Mattos,Vila Rica,03912-020
Rua dos Bolivianos,Vila Rio Branco,03873-100
Avenida João Batista de Oliveira,Vila Robertina,03807-000
Rua Aurélia,Vila Romana,05046-000
Rua Monlevade,Vila Romano,04679-435
Rua Belmira Vaz,Vila Romero,02469-160
Rua Rido Roque,Vila Roque,02474-000
Rua Barbeiro de Sevilha,Vila Rosa Molla,03252-000
Avenida Deocleciano Alves Pereira,Vila Rosaria,08021-400
Rua Júlio Avelino,Vila Roschel,04891-080
Rua Ayrton Senna,Vila Roseira II,08466-001
Rua Eufrasina Garcia Rotta,Vila Rubi,04823-150
Rua Tajaçu,Vila Rui Barbosa,03734-000
Rua Natal Martinetto,Vila Sabrina,02217-150
Rua Cirene Jorge Ribeiro,Vila Salete,03616-040
Rua das Cavas,Vila Santa Catarina,04370-030
Rua Princesa Maria Pia,Vila Santa Clara,03274-120
Rua Doutor Pedro Batista,Vila Santa Cruz (Zona Leste),08410-500
Rua Sousa Filho,Vila Santa Delfina,02911-060
Rua Antônio Cubas,Vila Santa Edwiges,05104-040
Rua Rosa-da-Venezuela,Vila Santa Inês,03812-010
Rua Coronel Goulart,Vila Santa Isabel,03432-070
Rua Ivaldo Vital Pereira,Vila Santa Lúcia,04937-020
Rua Andréa Del Castagno,Vila Santa Maria,02562-010
Avenida Paraguassu Paulista,Vila Santa Teresa,03564-000
Rua Pedro José Ribeiro,Vila Santa Teresinha,08247-045
Rua Santa Teresa de Jesus,Vila Santa Terezinha,02271-050
Rua Francisco Paulino Sobrinho,Vila Santa Virginia,03289-080
Rua Mercedes Lopes,Vila Santana,03614-000
Travessa João Luso,Vila Santista,02560-160
Rua Governador Rodrigo Henriques,Vila Santo Antônio,02987-000
Rua das Mangueiras,Vila Santo Estéfano,04152-080
Rua Nestor de Barros,Vila Santo Estevão,03325-050
Travessa Margarida Max,Vila Santo Henrique,03707-092
Rua Itambu,Vila Santos,02636-040
Rua Arquiteto Olavo Redig de Campos, 105,Vila São Francisco,04711-904
Rua Guacari,Vila São Geraldo,03607-060
Rua MontAlverne,Vila São José,04265-060
Rua Laudelino dos Santos,Vila São Judas,04930-280
Rua Amorim Castro,Vila São Luís,05362-050
Rua Arroio Bonito,Vila São Nicolau,03254-350
Rua José Neves,Vila São Paulo,04650-140
Rua Niderau Félix Machado,Vila São Pedro,04676-030
Travessa Teresa Silvestre,Vila São Silvestre,08011-440
Rua Morais Navarro,Vila São Vicente,02733-040
Rua Pedro Nunes,Vila Sapopemba,03924-130
Rua Anuja,Vila Seabra,08180-360
Travessa Dino Antônio Menochi,Vila Serralheiro,02835-031
Estrada Dom João Nery,Vila Silva Teles,08110-000
Rua Novo Oriente do Piauí,Vila Sílvia,03820-310
Rua Antônio Castanho da Silva,Vila Simone,08110-020
Rua Álvaro Silva,Vila Siqueira,02723-020
Rua Professor Alcebíades Sarmento,Vila Siria,08062-210
Rua Ferreira Viana,Vila Socorro,04761-010
Rua Sócrates,Vila Sofia,04671-072
Rua Cortis,Vila Solange,08410-400
Rua Doutor João José de Carvalho,Vila Sônia,05628-040
Avenida Deputado Cantídio Sampaio,Vila Souza,02860-001
Rua Rafael Armenise,Vila Sulina,05264-030
Rua Crítios,Vila Suzana,05630-040
Rua Joaquim Marra,Vila Talarico,03514-003
Rua Particular B - da B. B. Varela,Vila Taquari,08240-176
Rua Marcelino José de Freitas,Vila Teresinha,02853-010
Rua Professor José Geraldo de Lima,Vila Tiradentes,05367-180
Rua Miracena,Vila Tolstoi,03270-010
Rua George Eastman, 213,Vila Tramontano,05690-905
Rua Inhambú, 901,Vila Uberabinha,04520-911
Rua Antônio Olímpio,Vila União,03683-010
Rua Luís Ferreira de Barros,Vila Universitária,05359-090
Travessa Cândida Paciência,Vila Valdemar,08140-150
Rua Descampado,Vila Vera,04296-090
Rua Guajabaras,Vila Verde,08230-530
Avenida Padre Arlindo Vieira,Vila Vermelha,04297-000
Rua Hélio Vessoni,Vila Vessoni,08020-220
Rua Benedito Pedroso,Vila Virginia,03289-000
Rua Charles Cameron,Vila Vitório Mazzei,02409-080
Rua Professor Teodoro Braga,Vila Yara,02966-020
Rua Professor Aldo Locatelli,Vila Zat,02976-010
Rua Saturnino Pereira,Vila Zefira,08411-085
Avenida Zelina,Vila Zelina,03143-000
Rua Doutor Ângelo Vita,Vila Zilda,03069-000
Rua Jorge Mobst Sobrinho,Vila Zulmira,05154-100